id,provider_id,state,received_comprehensive_postnatal_care,self_report_income,age,edu,race_ethnicity,insurance,job_type,dependents,distance_to_provider,obesity,multiple_gestation,diabetes,heart_disease,placenta_previa,hypertension,gest_hypertension,preeclampsia
1,3,VA,0,"$10,000-$24,999",33,some_college,white,no_insurance,unskilled,2,4.2,1,0,0,0,0,0,0,0
2,4,MD,1,"$25,000-$49,999",41,masters,black,private,professional,1,40,1,0,1,0,0,0,0,0
3,4,MD,1,"$75,000-$99,999",22,bachelors,black,private,unskilled,4,30,0,0,0,0,0,1,0,0
4,5,MD,1,"<$10,000",35,bachelors,white,private,unskilled,0,5.9,0,0,0,0,0,1,0,0
5,5,MD,0,"$75,000-$99,999",31,bachelors,asian,private,unskilled,1,27,0,0,0,0,0,0,0,0
6,6,VA,1,"$50,000-$74,999",34,some_college,other,medicaid,professional,1,36,0,0,0,0,0,0,1,0
7,7,DC,0,"$50,000-$74,999",32,bachelors,black,private,skilled,1,9.2,0,0,0,0,0,0,0,0
8,7,VA,0,"$50,000-$74,999",25,some_college,white,private,professional,2,1.8,0,0,0,0,0,0,0,0
9,8,MD,1,"$25,000-$49,999",26,bachelors,black,medicaid,professional,0,11,0,0,0,0,0,1,0,0
10,9,DC,1,"$75,000-$99,999",27,hs,white,medicaid,unemployed,1,9.5,0,0,0,0,0,0,1,0
11,9,MD,0,"$10,000-$24,999",30,hs,white,medicaid,skilled,3,20,0,0,1,0,0,0,0,0
12,9,DC,1,NA,NA,masters,white,private,professional,0,10.2,0,0,0,0,0,0,0,0
13,9,VA,1,"$25,000-$49,999",23,bachelors,black,medicaid,unemployed,0,44.1,0,0,0,0,0,0,0,0
14,10,DC,0,"$100,000+",28,masters,hispanic,medicaid,professional,2,33,0,1,0,0,0,1,1,0
15,11,MD,0,"$50,000-$74,999",21,some_college,white,no_insurance,skilled,2,14.5,0,0,0,0,0,0,0,0
16,12,MD,1,"$50,000-$74,999",31,some_college,white,medicaid,skilled,1,6.7,1,0,0,0,0,0,0,0
17,13,DC,1,"$25,000-$49,999",30,some_college,asian,private,unemployed,1,5.1,1,0,0,0,0,1,0,0
18,14,DC,1,"$25,000-$49,999",27,hs,hispanic,private,professional,0,9,0,0,0,0,0,0,0,0
19,15,VA,0,"$50,000-$74,999",39,bachelors,white,medicaid,professional,1,2.5,0,0,1,0,0,1,0,0
20,16,VA,0,"$100,000+",29,bachelors,white,private,unskilled,1,8.3,0,0,0,0,0,0,0,0
21,17,VA,NA,"$50,000-$74,999",30,bachelors,hispanic,private,professional,2,7.5,0,0,0,0,0,0,0,0
22,18,VA,0,"$50,000-$74,999",19,hs,hispanic,private,skilled,3,24,0,0,0,0,0,0,0,1
23,19,MD,1,"$25,000-$49,999",36,bachelors,asian,private,skilled,3,17,0,0,0,0,0,0,0,0
24,19,MD,1,"$75,000-$99,999",37,hs,asian,private,unskilled,0,3.4,0,0,0,0,0,0,0,0
25,20,MD,0,"$75,000-$99,999",29,bachelors,black,medicaid,professional,0,12.5,1,0,0,0,0,1,0,0
